part,method,dataset,seed,perturb_remove_pct,perturb_add_pct,attr_shuffle,stability_mean_cosine,acc_original_test,acc_perturbed_test,acc_drop,n_graphs,n_train,timestamp,perturb_mode,gin_ckpt_path
c,Graph2Vec,MUTAG,42,0.0,0.0,False,0.9980239868164062,0.7631578947368421,0.7631578947368421,0.0,188,150,1769551811.7255425,removal_only,
c,NetLSD,MUTAG,42,0.0,0.0,False,1.0,0.8157894736842105,0.8157894736842105,0.0,188,150,1769551813.144165,removal_only,
c,GIN,MUTAG,42,0.0,0.0,False,1.0,0.868421052631579,0.868421052631579,0.0,188,150,1769551814.4341354,removal_only,/content/drive/MyDrive/InformationSystems/Classification/models/GIN_MUTAG_42.pth
c,GIN,MUTAG,42,0.0,0.0,True,0.5809441208839417,0.868421052631579,0.47368421052631576,0.3947368421052632,188,150,1769551814.7833078,removal_only,/content/drive/MyDrive/InformationSystems/Classification/models/GIN_MUTAG_42.pth
c,Graph2Vec,MUTAG,42,0.05,0.0,False,0.7655805349349976,0.7631578947368421,0.6842105263157895,0.07894736842105265,188,150,1769551818.0931444,removal_only,
c,NetLSD,MUTAG,42,0.05,0.0,False,0.9999600648880005,0.8157894736842105,0.8157894736842105,0.0,188,150,1769551820.2094967,removal_only,
c,GIN,MUTAG,42,0.05,0.0,False,0.9337855577468872,0.868421052631579,0.8157894736842105,0.052631578947368474,188,150,1769551820.4817266,removal_only,/content/drive/MyDrive/InformationSystems/Classification/models/GIN_MUTAG_42.pth
c,GIN,MUTAG,42,0.05,0.0,True,0.5563867092132568,0.868421052631579,0.4473684210526316,0.4210526315789474,188,150,1769551820.850805,removal_only,/content/drive/MyDrive/InformationSystems/Classification/models/GIN_MUTAG_42.pth
c,Graph2Vec,MUTAG,42,0.1,0.0,False,0.6523894667625427,0.7631578947368421,0.6578947368421053,0.10526315789473684,188,150,1769551823.2753718,removal_only,
c,NetLSD,MUTAG,42,0.1,0.0,False,0.9996637105941772,0.8157894736842105,0.7105263157894737,0.10526315789473684,188,150,1769551824.8912268,removal_only,
c,GIN,MUTAG,42,0.1,0.0,False,0.801622748374939,0.868421052631579,0.8157894736842105,0.052631578947368474,188,150,1769551825.1699033,removal_only,/content/drive/MyDrive/InformationSystems/Classification/models/GIN_MUTAG_42.pth
c,GIN,MUTAG,42,0.1,0.0,True,0.5372687578201294,0.868421052631579,0.34210526315789475,0.5263157894736843,188,150,1769551825.5168443,removal_only,/content/drive/MyDrive/InformationSystems/Classification/models/GIN_MUTAG_42.pth
c,Graph2Vec,MUTAG,42,0.2,0.0,False,0.6061499714851379,0.7631578947368421,0.6578947368421053,0.10526315789473684,188,150,1769551827.892475,removal_only,
c,NetLSD,MUTAG,42,0.2,0.0,False,0.9972506761550903,0.8157894736842105,0.7105263157894737,0.10526315789473684,188,150,1769551829.3651307,removal_only,
c,GIN,MUTAG,42,0.2,0.0,False,0.655752956867218,0.868421052631579,0.4473684210526316,0.4210526315789474,188,150,1769551829.6353648,removal_only,/content/drive/MyDrive/InformationSystems/Classification/models/GIN_MUTAG_42.pth
c,GIN,MUTAG,42,0.2,0.0,True,0.5101118087768555,0.868421052631579,0.2631578947368421,0.605263157894737,188,150,1769551830.1119652,removal_only,/content/drive/MyDrive/InformationSystems/Classification/models/GIN_MUTAG_42.pth
c,Graph2Vec,MUTAG,43,0.0,0.0,False,0.9930015802383423,0.7631578947368421,0.7894736842105263,-0.02631578947368418,188,150,1769551833.7855713,removal_only,
c,NetLSD,MUTAG,43,0.0,0.0,False,1.0,0.8157894736842105,0.8157894736842105,0.0,188,150,1769551835.1730196,removal_only,
c,GIN,MUTAG,43,0.0,0.0,False,1.0,0.8421052631578947,0.8421052631578947,0.0,188,150,1769551836.0425043,removal_only,/content/drive/MyDrive/InformationSystems/Classification/models/GIN_MUTAG_43.pth
c,GIN,MUTAG,43,0.0,0.0,True,0.34228524565696716,0.8421052631578947,0.8421052631578947,0.0,188,150,1769551836.39825,removal_only,/content/drive/MyDrive/InformationSystems/Classification/models/GIN_MUTAG_43.pth
c,Graph2Vec,MUTAG,43,0.05,0.0,False,0.767633318901062,0.8157894736842105,0.6578947368421053,0.1578947368421052,188,150,1769551838.763271,removal_only,
c,NetLSD,MUTAG,43,0.05,0.0,False,0.999943196773529,0.8157894736842105,0.8157894736842105,0.0,188,150,1769551841.7679033,removal_only,
c,GIN,MUTAG,43,0.05,0.0,False,0.9627954959869385,0.8421052631578947,0.8421052631578947,0.0,188,150,1769551842.052139,removal_only,/content/drive/MyDrive/InformationSystems/Classification/models/GIN_MUTAG_43.pth
c,GIN,MUTAG,43,0.05,0.0,True,0.31293851137161255,0.8421052631578947,0.7894736842105263,0.05263157894736836,188,150,1769551842.4045458,removal_only,/content/drive/MyDrive/InformationSystems/Classification/models/GIN_MUTAG_43.pth
c,Graph2Vec,MUTAG,43,0.1,0.0,False,0.6713743805885315,0.7894736842105263,0.6578947368421053,0.13157894736842102,188,150,1769551845.461958,removal_only,
c,NetLSD,MUTAG,43,0.1,0.0,False,0.9996370077133179,0.8157894736842105,0.7631578947368421,0.05263157894736836,188,150,1769551847.861713,removal_only,
c,GIN,MUTAG,43,0.1,0.0,False,0.7589122653007507,0.8421052631578947,0.8157894736842105,0.02631578947368418,188,150,1769551848.1658378,removal_only,/content/drive/MyDrive/InformationSystems/Classification/models/GIN_MUTAG_43.pth
c,GIN,MUTAG,43,0.1,0.0,True,0.25207921862602234,0.8421052631578947,0.7368421052631579,0.10526315789473684,188,150,1769551848.520903,removal_only,/content/drive/MyDrive/InformationSystems/Classification/models/GIN_MUTAG_43.pth
c,Graph2Vec,MUTAG,43,0.2,0.0,False,0.6080805063247681,0.8157894736842105,0.6578947368421053,0.1578947368421052,188,150,1769551850.9228787,removal_only,
c,NetLSD,MUTAG,43,0.2,0.0,False,0.9973087906837463,0.8157894736842105,0.6842105263157895,0.13157894736842102,188,150,1769551852.381358,removal_only,
c,GIN,MUTAG,43,0.2,0.0,False,0.29981836676597595,0.8421052631578947,0.39473684210526316,0.4473684210526315,188,150,1769551852.6665895,removal_only,/content/drive/MyDrive/InformationSystems/Classification/models/GIN_MUTAG_43.pth
c,GIN,MUTAG,43,0.2,0.0,True,0.1174250990152359,0.8421052631578947,0.4473684210526316,0.3947368421052631,188,150,1769551853.0366085,removal_only,/content/drive/MyDrive/InformationSystems/Classification/models/GIN_MUTAG_43.pth
c,Graph2Vec,MUTAG,44,0.0,0.0,False,0.9968225955963135,0.7894736842105263,0.7894736842105263,0.0,188,150,1769551855.3835468,removal_only,
c,NetLSD,MUTAG,44,0.0,0.0,False,1.0,0.868421052631579,0.868421052631579,0.0,188,150,1769551856.7780204,removal_only,
c,GIN,MUTAG,44,0.0,0.0,False,1.0,0.8947368421052632,0.8947368421052632,0.0,188,150,1769551857.5025218,removal_only,/content/drive/MyDrive/InformationSystems/Classification/models/GIN_MUTAG_44.pth
c,GIN,MUTAG,44,0.0,0.0,True,0.3610568642616272,0.8947368421052632,0.5263157894736842,0.368421052631579,188,150,1769551857.9802465,removal_only,/content/drive/MyDrive/InformationSystems/Classification/models/GIN_MUTAG_44.pth
c,Graph2Vec,MUTAG,44,0.05,0.0,False,0.7886644005775452,0.7894736842105263,0.6578947368421053,0.13157894736842102,188,150,1769551861.7825751,removal_only,
c,NetLSD,MUTAG,44,0.05,0.0,False,0.9999580979347229,0.868421052631579,0.868421052631579,0.0,188,150,1769551863.3044562,removal_only,
c,GIN,MUTAG,44,0.05,0.0,False,0.9611483812332153,0.8947368421052632,0.8947368421052632,0.0,188,150,1769551863.5722926,removal_only,/content/drive/MyDrive/InformationSystems/Classification/models/GIN_MUTAG_44.pth
c,GIN,MUTAG,44,0.05,0.0,True,0.31889262795448303,0.8947368421052632,0.5,0.39473684210526316,188,150,1769551863.9369454,removal_only,/content/drive/MyDrive/InformationSystems/Classification/models/GIN_MUTAG_44.pth
c,Graph2Vec,MUTAG,44,0.1,0.0,False,0.6804702281951904,0.7894736842105263,0.6578947368421053,0.13157894736842102,188,150,1769551866.860256,removal_only,
c,NetLSD,MUTAG,44,0.1,0.0,False,0.9996443390846252,0.868421052631579,0.7631578947368421,0.10526315789473684,188,150,1769551868.3124332,removal_only,
c,GIN,MUTAG,44,0.1,0.0,False,0.780249834060669,0.8947368421052632,0.868421052631579,0.02631578947368418,188,150,1769551868.5807993,removal_only,/content/drive/MyDrive/InformationSystems/Classification/models/GIN_MUTAG_44.pth
c,GIN,MUTAG,44,0.1,0.0,True,0.22411999106407166,0.8947368421052632,0.4473684210526316,0.4473684210526316,188,150,1769551868.922128,removal_only,/content/drive/MyDrive/InformationSystems/Classification/models/GIN_MUTAG_44.pth
c,Graph2Vec,MUTAG,44,0.2,0.0,False,0.6165829300880432,0.7894736842105263,0.6578947368421053,0.13157894736842102,188,150,1769551871.3660698,removal_only,
c,NetLSD,MUTAG,44,0.2,0.0,False,0.9972994923591614,0.868421052631579,0.6842105263157895,0.1842105263157895,188,150,1769551873.8474526,removal_only,
c,GIN,MUTAG,44,0.2,0.0,False,0.362249493598938,0.8947368421052632,0.5789473684210527,0.3157894736842105,188,150,1769551874.40418,removal_only,/content/drive/MyDrive/InformationSystems/Classification/models/GIN_MUTAG_44.pth
c,GIN,MUTAG,44,0.2,0.0,True,0.08555063605308533,0.8947368421052632,0.34210526315789475,0.5526315789473684,188,150,1769551874.9510427,removal_only,/content/drive/MyDrive/InformationSystems/Classification/models/GIN_MUTAG_44.pth
c,Graph2Vec,ENZYMES,42,0.0,0.0,False,0.9345227479934692,0.31666666666666665,0.30833333333333335,0.008333333333333304,599,479,1769551898.4831233,removal_only,
c,NetLSD,ENZYMES,42,0.0,0.0,False,1.0,0.2833333333333333,0.2833333333333333,0.0,599,479,1769551905.8389907,removal_only,
c,GIN,ENZYMES,42,0.0,0.0,False,1.0,0.4583333333333333,0.4583333333333333,0.0,600,480,1769551907.2913678,removal_only,/content/drive/MyDrive/InformationSystems/Classification/models/GIN_ENZYMES_42.pth
c,GIN,ENZYMES,42,0.0,0.0,True,0.42810821533203125,0.4583333333333333,0.19166666666666668,0.2666666666666666,600,480,1769551908.4595125,removal_only,/content/drive/MyDrive/InformationSystems/Classification/models/GIN_ENZYMES_42.pth
c,Graph2Vec,ENZYMES,42,0.05,0.0,False,0.6130737662315369,0.3416666666666667,0.25833333333333336,0.08333333333333331,599,479,1769551928.1768413,removal_only,
c,NetLSD,ENZYMES,42,0.05,0.0,False,0.9999921321868896,0.2833333333333333,0.2833333333333333,0.0,599,479,1769551935.2196455,removal_only,
c,GIN,ENZYMES,42,0.05,0.0,False,0.9505472779273987,0.4583333333333333,0.4666666666666667,-0.00833333333333336,600,480,1769551936.1711967,removal_only,/content/drive/MyDrive/InformationSystems/Classification/models/GIN_ENZYMES_42.pth
c,GIN,ENZYMES,42,0.05,0.0,True,0.4253988564014435,0.4583333333333333,0.18333333333333332,0.275,600,480,1769551937.3626695,removal_only,/content/drive/MyDrive/InformationSystems/Classification/models/GIN_ENZYMES_42.pth
c,Graph2Vec,ENZYMES,42,0.1,0.0,False,0.5048503279685974,0.35,0.20833333333333334,0.14166666666666664,599,479,1769551957.9626658,removal_only,
c,NetLSD,ENZYMES,42,0.1,0.0,False,0.999956488609314,0.2833333333333333,0.30833333333333335,-0.025000000000000022,599,479,1769551963.8398192,removal_only,
c,GIN,ENZYMES,42,0.1,0.0,False,0.860460102558136,0.4583333333333333,0.4,0.05833333333333329,600,480,1769551964.7726154,removal_only,/content/drive/MyDrive/InformationSystems/Classification/models/GIN_ENZYMES_42.pth
c,GIN,ENZYMES,42,0.1,0.0,True,0.4143655002117157,0.4583333333333333,0.18333333333333332,0.275,600,480,1769551965.9396565,removal_only,/content/drive/MyDrive/InformationSystems/Classification/models/GIN_ENZYMES_42.pth
c,Graph2Vec,ENZYMES,42,0.2,0.0,False,0.4410961866378784,0.31666666666666665,0.21666666666666667,0.09999999999999998,599,479,1769551986.7654648,removal_only,
c,NetLSD,ENZYMES,42,0.2,0.0,False,0.9996541738510132,0.2833333333333333,0.2833333333333333,0.0,599,479,1769551992.238081,removal_only,
c,GIN,ENZYMES,42,0.2,0.0,False,0.649473249912262,0.4583333333333333,0.3333333333333333,0.125,600,480,1769551993.2196171,removal_only,/content/drive/MyDrive/InformationSystems/Classification/models/GIN_ENZYMES_42.pth
c,GIN,ENZYMES,42,0.2,0.0,True,0.3529611825942993,0.4583333333333333,0.225,0.2333333333333333,600,480,1769551994.3978095,removal_only,/content/drive/MyDrive/InformationSystems/Classification/models/GIN_ENZYMES_42.pth
c,Graph2Vec,ENZYMES,43,0.0,0.0,False,0.9526656866073608,0.4,0.4166666666666667,-0.016666666666666663,599,479,1769552014.6636622,removal_only,
c,NetLSD,ENZYMES,43,0.0,0.0,False,1.0,0.2916666666666667,0.2916666666666667,0.0,599,479,1769552020.080304,removal_only,
c,GIN,ENZYMES,43,0.0,0.0,False,1.0,0.3416666666666667,0.3416666666666667,0.0,600,480,1769552021.4409235,removal_only,/content/drive/MyDrive/InformationSystems/Classification/models/GIN_ENZYMES_43.pth
c,GIN,ENZYMES,43,0.0,0.0,True,0.5688959956169128,0.3416666666666667,0.25,0.09166666666666667,600,480,1769552022.6687148,removal_only,/content/drive/MyDrive/InformationSystems/Classification/models/GIN_ENZYMES_43.pth
c,Graph2Vec,ENZYMES,43,0.05,0.0,False,0.6164687871932983,0.4,0.25833333333333336,0.14166666666666666,599,479,1769552043.4859378,removal_only,
c,NetLSD,ENZYMES,43,0.05,0.0,False,0.9999908208847046,0.2916666666666667,0.2916666666666667,0.0,599,479,1769552048.8403652,removal_only,
c,GIN,ENZYMES,43,0.05,0.0,False,0.9697567820549011,0.3416666666666667,0.35,-0.008333333333333304,600,480,1769552049.8326054,removal_only,/content/drive/MyDrive/InformationSystems/Classification/models/GIN_ENZYMES_43.pth
c,GIN,ENZYMES,43,0.05,0.0,True,0.5773013234138489,0.3416666666666667,0.25833333333333336,0.08333333333333331,600,480,1769552051.0823164,removal_only,/content/drive/MyDrive/InformationSystems/Classification/models/GIN_ENZYMES_43.pth
c,Graph2Vec,ENZYMES,43,0.1,0.0,False,0.5103495121002197,0.4083333333333333,0.15833333333333333,0.25,599,479,1769552071.992127,removal_only,
c,NetLSD,ENZYMES,43,0.1,0.0,False,0.9999486207962036,0.2916666666666667,0.30833333333333335,-0.016666666666666663,599,479,1769552077.411867,removal_only,
c,GIN,ENZYMES,43,0.1,0.0,False,0.915571928024292,0.3416666666666667,0.2916666666666667,0.04999999999999999,600,480,1769552078.407811,removal_only,/content/drive/MyDrive/InformationSystems/Classification/models/GIN_ENZYMES_43.pth
c,GIN,ENZYMES,43,0.1,0.0,True,0.5847435593605042,0.3416666666666667,0.26666666666666666,0.07500000000000001,600,480,1769552080.0024016,removal_only,/content/drive/MyDrive/InformationSystems/Classification/models/GIN_ENZYMES_43.pth
c,Graph2Vec,ENZYMES,43,0.2,0.0,False,0.44112899899482727,0.4,0.21666666666666667,0.18333333333333335,599,479,1769552099.8186853,removal_only,
c,NetLSD,ENZYMES,43,0.2,0.0,False,0.9996731281280518,0.2916666666666667,0.3,-0.008333333333333304,599,479,1769552105.7317717,removal_only,
c,GIN,ENZYMES,43,0.2,0.0,False,0.794344425201416,0.3416666666666667,0.24166666666666667,0.1,600,480,1769552106.693057,removal_only,/content/drive/MyDrive/InformationSystems/Classification/models/GIN_ENZYMES_43.pth
c,GIN,ENZYMES,43,0.2,0.0,True,0.5725623369216919,0.3416666666666667,0.225,0.11666666666666667,600,480,1769552107.8860638,removal_only,/content/drive/MyDrive/InformationSystems/Classification/models/GIN_ENZYMES_43.pth
c,Graph2Vec,ENZYMES,44,0.0,0.0,False,0.9341796636581421,0.39166666666666666,0.36666666666666664,0.025000000000000022,599,479,1769552127.7368474,removal_only,
c,NetLSD,ENZYMES,44,0.0,0.0,False,1.0,0.2833333333333333,0.2833333333333333,0.0,599,479,1769552133.6707888,removal_only,
c,GIN,ENZYMES,44,0.0,0.0,False,1.0,0.44166666666666665,0.44166666666666665,0.0,600,480,1769552135.30712,removal_only,/content/drive/MyDrive/InformationSystems/Classification/models/GIN_ENZYMES_44.pth
c,GIN,ENZYMES,44,0.0,0.0,True,0.45112723112106323,0.44166666666666665,0.26666666666666666,0.175,600,480,1769552136.8606198,removal_only,/content/drive/MyDrive/InformationSystems/Classification/models/GIN_ENZYMES_44.pth
c,Graph2Vec,ENZYMES,44,0.05,0.0,False,0.5953223705291748,0.43333333333333335,0.2916666666666667,0.14166666666666666,599,479,1769552157.8155835,removal_only,
c,NetLSD,ENZYMES,44,0.05,0.0,False,0.9999899864196777,0.2833333333333333,0.25833333333333336,0.024999999999999967,599,479,1769552163.1673968,removal_only,
c,GIN,ENZYMES,44,0.05,0.0,False,0.945345938205719,0.44166666666666665,0.4083333333333333,0.033333333333333326,600,480,1769552164.4756062,removal_only,/content/drive/MyDrive/InformationSystems/Classification/models/GIN_ENZYMES_44.pth
c,GIN,ENZYMES,44,0.05,0.0,True,0.45156559348106384,0.44166666666666665,0.2,0.24166666666666664,600,480,1769552166.4745746,removal_only,/content/drive/MyDrive/InformationSystems/Classification/models/GIN_ENZYMES_44.pth
c,Graph2Vec,ENZYMES,44,0.1,0.0,False,0.49189165234565735,0.4083333333333333,0.23333333333333334,0.175,599,479,1769552187.3262467,removal_only,
c,NetLSD,ENZYMES,44,0.1,0.0,False,0.9999486207962036,0.2833333333333333,0.275,0.008333333333333304,599,479,1769552193.5346494,removal_only,
c,GIN,ENZYMES,44,0.1,0.0,False,0.8573843240737915,0.44166666666666665,0.36666666666666664,0.07500000000000001,600,480,1769552195.127007,removal_only,/content/drive/MyDrive/InformationSystems/Classification/models/GIN_ENZYMES_44.pth
c,GIN,ENZYMES,44,0.1,0.0,True,0.44057556986808777,0.44166666666666665,0.24166666666666667,0.19999999999999998,600,480,1769552196.5791945,removal_only,/content/drive/MyDrive/InformationSystems/Classification/models/GIN_ENZYMES_44.pth
c,Graph2Vec,ENZYMES,44,0.2,0.0,False,0.4437682330608368,0.4083333333333333,0.2,0.20833333333333331,599,479,1769552218.235194,removal_only,
c,NetLSD,ENZYMES,44,0.2,0.0,False,0.9996543526649475,0.2833333333333333,0.225,0.05833333333333332,599,479,1769552225.3497763,removal_only,
c,GIN,ENZYMES,44,0.2,0.0,False,0.6649383306503296,0.44166666666666665,0.325,0.11666666666666664,600,480,1769552226.4329705,removal_only,/content/drive/MyDrive/InformationSystems/Classification/models/GIN_ENZYMES_44.pth
c,GIN,ENZYMES,44,0.2,0.0,True,0.391457200050354,0.44166666666666665,0.19166666666666668,0.24999999999999997,600,480,1769552227.7883444,removal_only,/content/drive/MyDrive/InformationSystems/Classification/models/GIN_ENZYMES_44.pth
c,Graph2Vec,IMDB-MULTI,42,0.0,0.0,False,0.9425913691520691,0.4766666666666667,0.49,-0.013333333333333308,1500,1200,1769552265.6025114,removal_only,
c,NetLSD,IMDB-MULTI,42,0.0,0.0,False,1.0,0.47333333333333333,0.47333333333333333,0.0,1500,1200,1769552279.5514758,removal_only,
c,GIN,IMDB-MULTI,42,0.0,0.0,False,1.0,0.5,0.5,0.0,1500,1200,1769552282.3554082,removal_only,/content/drive/MyDrive/InformationSystems/Classification/models/GIN_IMDB-MULTI_42.pth
c,GIN,IMDB-MULTI,42,0.0,0.0,True,0.8573022484779358,0.5,0.5066666666666667,-0.00666666666666671,1500,1200,1769552285.2997098,removal_only,/content/drive/MyDrive/InformationSystems/Classification/models/GIN_IMDB-MULTI_42.pth
c,Graph2Vec,IMDB-MULTI,42,0.05,0.0,False,0.6592651009559631,0.48333333333333334,0.4166666666666667,0.06666666666666665,1500,1200,1769552320.0417798,removal_only,
c,NetLSD,IMDB-MULTI,42,0.05,0.0,False,0.9999938011169434,0.47333333333333333,0.47,0.003333333333333355,1500,1200,1769552334.14825,removal_only,
c,GIN,IMDB-MULTI,42,0.05,0.0,False,0.9972814321517944,0.5,0.49666666666666665,0.003333333333333355,1500,1200,1769552336.8336391,removal_only,/content/drive/MyDrive/InformationSystems/Classification/models/GIN_IMDB-MULTI_42.pth
c,GIN,IMDB-MULTI,42,0.05,0.0,True,0.8556559085845947,0.5,0.5066666666666667,-0.00666666666666671,1500,1200,1769552340.0903857,removal_only,/content/drive/MyDrive/InformationSystems/Classification/models/GIN_IMDB-MULTI_42.pth
c,Graph2Vec,IMDB-MULTI,42,0.1,0.0,False,0.472735196352005,0.48,0.4066666666666667,0.0733333333333333,1500,1200,1769552374.1199985,removal_only,
c,NetLSD,IMDB-MULTI,42,0.1,0.0,False,0.9999898076057434,0.47333333333333333,0.44666666666666666,0.026666666666666672,1500,1200,1769552387.6565988,removal_only,
c,GIN,IMDB-MULTI,42,0.1,0.0,False,0.9903756380081177,0.5,0.48,0.020000000000000018,1500,1200,1769552390.995149,removal_only,/content/drive/MyDrive/InformationSystems/Classification/models/GIN_IMDB-MULTI_42.pth
c,GIN,IMDB-MULTI,42,0.1,0.0,True,0.8524918556213379,0.5,0.49666666666666665,0.003333333333333355,1500,1200,1769552394.6263108,removal_only,/content/drive/MyDrive/InformationSystems/Classification/models/GIN_IMDB-MULTI_42.pth
c,Graph2Vec,IMDB-MULTI,42,0.2,0.0,False,0.39651280641555786,0.47333333333333333,0.4033333333333333,0.07,1500,1200,1769552428.9284678,removal_only,
c,NetLSD,IMDB-MULTI,42,0.2,0.0,False,0.9999725818634033,0.47333333333333333,0.4533333333333333,0.020000000000000018,1500,1200,1769552442.4302654,removal_only,
c,GIN,IMDB-MULTI,42,0.2,0.0,False,0.9588195085525513,0.5,0.4866666666666667,0.013333333333333308,1500,1200,1769552446.59689,removal_only,/content/drive/MyDrive/InformationSystems/Classification/models/GIN_IMDB-MULTI_42.pth
c,GIN,IMDB-MULTI,42,0.2,0.0,True,0.8336228728294373,0.5,0.49,0.010000000000000009,1500,1200,1769552449.5683255,removal_only,/content/drive/MyDrive/InformationSystems/Classification/models/GIN_IMDB-MULTI_42.pth
c,Graph2Vec,IMDB-MULTI,43,0.0,0.0,False,0.9462369084358215,0.5,0.51,-0.010000000000000009,1500,1200,1769552483.697902,removal_only,
c,NetLSD,IMDB-MULTI,43,0.0,0.0,False,1.0,0.49,0.49,0.0,1500,1200,1769552497.233015,removal_only,
c,GIN,IMDB-MULTI,43,0.0,0.0,False,1.0,0.5066666666666667,0.5066666666666667,0.0,1500,1200,1769552501.7244556,removal_only,/content/drive/MyDrive/InformationSystems/Classification/models/GIN_IMDB-MULTI_43.pth
c,GIN,IMDB-MULTI,43,0.0,0.0,True,0.8971702456474304,0.5066666666666667,0.4633333333333333,0.04333333333333339,1500,1200,1769552504.6875238,removal_only,/content/drive/MyDrive/InformationSystems/Classification/models/GIN_IMDB-MULTI_43.pth
c,Graph2Vec,IMDB-MULTI,43,0.05,0.0,False,0.6672820448875427,0.5033333333333333,0.44333333333333336,0.05999999999999994,1500,1200,1769552538.6060357,removal_only,
c,NetLSD,IMDB-MULTI,43,0.05,0.0,False,0.9999938011169434,0.49,0.4633333333333333,0.026666666666666672,1500,1200,1769552552.273665,removal_only,
c,GIN,IMDB-MULTI,43,0.05,0.0,False,0.9947543740272522,0.5066666666666667,0.5,0.00666666666666671,1500,1200,1769552556.0781353,removal_only,/content/drive/MyDrive/InformationSystems/Classification/models/GIN_IMDB-MULTI_43.pth
c,GIN,IMDB-MULTI,43,0.05,0.0,True,0.8968478441238403,0.5066666666666667,0.4666666666666667,0.040000000000000036,1500,1200,1769552559.484546,removal_only,/content/drive/MyDrive/InformationSystems/Classification/models/GIN_IMDB-MULTI_43.pth
c,Graph2Vec,IMDB-MULTI,43,0.1,0.0,False,0.45584461092948914,0.5033333333333333,0.35333333333333333,0.14999999999999997,1500,1200,1769552593.3301637,removal_only,
c,NetLSD,IMDB-MULTI,43,0.1,0.0,False,0.999989926815033,0.49,0.4533333333333333,0.03666666666666668,1500,1200,1769552607.5712163,removal_only,
c,GIN,IMDB-MULTI,43,0.1,0.0,False,0.9791437387466431,0.5066666666666667,0.5066666666666667,0.0,1500,1200,1769552610.3835783,removal_only,/content/drive/MyDrive/InformationSystems/Classification/models/GIN_IMDB-MULTI_43.pth
c,GIN,IMDB-MULTI,43,0.1,0.0,True,0.8887850642204285,0.5066666666666667,0.4666666666666667,0.040000000000000036,1500,1200,1769552614.3335266,removal_only,/content/drive/MyDrive/InformationSystems/Classification/models/GIN_IMDB-MULTI_43.pth
c,Graph2Vec,IMDB-MULTI,43,0.2,0.0,False,0.3398115336894989,0.51,0.37333333333333335,0.13666666666666666,1500,1200,1769552648.231548,removal_only,
c,NetLSD,IMDB-MULTI,43,0.2,0.0,False,0.9999749064445496,0.49,0.4166666666666667,0.0733333333333333,1500,1200,1769552662.4168746,removal_only,
c,GIN,IMDB-MULTI,43,0.2,0.0,False,0.9190123677253723,0.5066666666666667,0.5166666666666667,-0.010000000000000009,1500,1200,1769552664.9317818,removal_only,/content/drive/MyDrive/InformationSystems/Classification/models/GIN_IMDB-MULTI_43.pth
c,GIN,IMDB-MULTI,43,0.2,0.0,True,0.8474633693695068,0.5066666666666667,0.4866666666666667,0.020000000000000018,1500,1200,1769552669.3109436,removal_only,/content/drive/MyDrive/InformationSystems/Classification/models/GIN_IMDB-MULTI_43.pth
c,Graph2Vec,IMDB-MULTI,44,0.0,0.0,False,0.9466302990913391,0.5066666666666667,0.49666666666666665,0.010000000000000064,1500,1200,1769552704.6231308,removal_only,
c,NetLSD,IMDB-MULTI,44,0.0,0.0,False,1.0,0.47,0.47,0.0,1500,1200,1769552718.965515,removal_only,
c,GIN,IMDB-MULTI,44,0.0,0.0,False,1.0,0.36333333333333334,0.36333333333333334,0.0,1500,1200,1769552723.7216003,removal_only,/content/drive/MyDrive/InformationSystems/Classification/models/GIN_IMDB-MULTI_44.pth
c,GIN,IMDB-MULTI,44,0.0,0.0,True,0.8082618117332458,0.36333333333333334,0.37333333333333335,-0.010000000000000009,1500,1200,1769552726.856577,removal_only,/content/drive/MyDrive/InformationSystems/Classification/models/GIN_IMDB-MULTI_44.pth
c,Graph2Vec,IMDB-MULTI,44,0.05,0.0,False,0.6410108804702759,0.49666666666666665,0.47,0.026666666666666672,1500,1200,1769552761.5993845,removal_only,
c,NetLSD,IMDB-MULTI,44,0.05,0.0,False,0.9999938011169434,0.47,0.43,0.03999999999999998,1500,1200,1769552775.2604764,removal_only,
c,GIN,IMDB-MULTI,44,0.05,0.0,False,0.9939815998077393,0.36333333333333334,0.37666666666666665,-0.013333333333333308,1500,1200,1769552779.3587346,removal_only,/content/drive/MyDrive/InformationSystems/Classification/models/GIN_IMDB-MULTI_44.pth
c,GIN,IMDB-MULTI,44,0.05,0.0,True,0.8054791688919067,0.36333333333333334,0.39,-0.026666666666666672,1500,1200,1769552782.6211882,removal_only,/content/drive/MyDrive/InformationSystems/Classification/models/GIN_IMDB-MULTI_44.pth
c,Graph2Vec,IMDB-MULTI,44,0.1,0.0,False,0.44958025217056274,0.49666666666666665,0.4033333333333333,0.09333333333333332,1500,1200,1769552817.2720203,removal_only,
c,NetLSD,IMDB-MULTI,44,0.1,0.0,False,0.9999898076057434,0.47,0.44,0.02999999999999997,1500,1200,1769552831.5100048,removal_only,
c,GIN,IMDB-MULTI,44,0.1,0.0,False,0.9796412587165833,0.36333333333333334,0.39,-0.026666666666666672,1500,1200,1769552834.7790995,removal_only,/content/drive/MyDrive/InformationSystems/Classification/models/GIN_IMDB-MULTI_44.pth
c,GIN,IMDB-MULTI,44,0.1,0.0,True,0.7993453741073608,0.36333333333333334,0.3933333333333333,-0.02999999999999997,1500,1200,1769552838.1034932,removal_only,/content/drive/MyDrive/InformationSystems/Classification/models/GIN_IMDB-MULTI_44.pth
c,Graph2Vec,IMDB-MULTI,44,0.2,0.0,False,0.37299641966819763,0.48333333333333334,0.39666666666666667,0.08666666666666667,1500,1200,1769552872.3003826,removal_only,
c,NetLSD,IMDB-MULTI,44,0.2,0.0,False,0.9999752640724182,0.47,0.39,0.07999999999999996,1500,1200,1769552886.3999908,removal_only,
c,GIN,IMDB-MULTI,44,0.2,0.0,False,0.9198268055915833,0.36333333333333334,0.43333333333333335,-0.07,1500,1200,1769552889.349218,removal_only,/content/drive/MyDrive/InformationSystems/Classification/models/GIN_IMDB-MULTI_44.pth
c,GIN,IMDB-MULTI,44,0.2,0.0,True,0.7586603760719299,0.36333333333333334,0.44666666666666666,-0.08333333333333331,1500,1200,1769552892.98272,removal_only,/content/drive/MyDrive/InformationSystems/Classification/models/GIN_IMDB-MULTI_44.pth
c,Graph2Vec,MUTAG,42,0.0,0.0,False,0.99635249376297,0.7631578947368421,0.7894736842105263,-0.02631578947368418,188,150,1769552895.389298,addition_only,
c,NetLSD,MUTAG,42,0.0,0.0,False,1.0,0.8157894736842105,0.8157894736842105,0.0,188,150,1769552896.8405602,addition_only,
c,GIN,MUTAG,42,0.0,0.0,False,1.0,0.868421052631579,0.868421052631579,0.0,188,150,1769552897.11829,addition_only,/content/drive/MyDrive/InformationSystems/Classification/models/GIN_MUTAG_42.pth
c,GIN,MUTAG,42,0.0,0.0,True,0.5809441208839417,0.868421052631579,0.47368421052631576,0.3947368421052632,188,150,1769552897.4750187,addition_only,/content/drive/MyDrive/InformationSystems/Classification/models/GIN_MUTAG_42.pth
c,Graph2Vec,MUTAG,42,0.0,0.05,False,0.6660135984420776,0.7631578947368421,0.6842105263157895,0.07894736842105265,188,150,1769552899.938008,addition_only,
c,NetLSD,MUTAG,42,0.0,0.05,False,0.9999937415122986,0.8157894736842105,0.8157894736842105,0.0,188,150,1769552901.9984365,addition_only,
c,GIN,MUTAG,42,0.0,0.05,False,0.8705794215202332,0.868421052631579,0.868421052631579,0.0,188,150,1769552902.388834,addition_only,/content/drive/MyDrive/InformationSystems/Classification/models/GIN_MUTAG_42.pth
c,GIN,MUTAG,42,0.0,0.05,True,0.6281615495681763,0.868421052631579,0.5789473684210527,0.2894736842105263,188,150,1769552902.919658,addition_only,/content/drive/MyDrive/InformationSystems/Classification/models/GIN_MUTAG_42.pth
c,Graph2Vec,MUTAG,42,0.0,0.1,False,0.6565977334976196,0.7894736842105263,0.6578947368421053,0.13157894736842102,188,150,1769552906.254135,addition_only,
c,NetLSD,MUTAG,42,0.0,0.1,False,0.9999715685844421,0.8157894736842105,0.8157894736842105,0.0,188,150,1769552907.708177,addition_only,
c,GIN,MUTAG,42,0.0,0.1,False,0.5866637825965881,0.868421052631579,0.7894736842105263,0.07894736842105265,188,150,1769552908.0461886,addition_only,/content/drive/MyDrive/InformationSystems/Classification/models/GIN_MUTAG_42.pth
c,GIN,MUTAG,42,0.0,0.1,True,0.5935173034667969,0.868421052631579,0.6842105263157895,0.1842105263157895,188,150,1769552908.4253654,addition_only,/content/drive/MyDrive/InformationSystems/Classification/models/GIN_MUTAG_42.pth
c,Graph2Vec,MUTAG,42,0.0,0.2,False,0.6853442192077637,0.7894736842105263,0.6578947368421053,0.13157894736842102,188,150,1769552910.889536,addition_only,
c,NetLSD,MUTAG,42,0.0,0.2,False,0.9998992085456848,0.8157894736842105,0.8157894736842105,0.0,188,150,1769552912.336475,addition_only,
c,GIN,MUTAG,42,0.0,0.2,False,0.23943248391151428,0.868421052631579,0.7105263157894737,0.1578947368421053,188,150,1769552912.6220672,addition_only,/content/drive/MyDrive/InformationSystems/Classification/models/GIN_MUTAG_42.pth
c,GIN,MUTAG,42,0.0,0.2,True,0.34974369406700134,0.868421052631579,0.6842105263157895,0.1842105263157895,188,150,1769552912.9959517,addition_only,/content/drive/MyDrive/InformationSystems/Classification/models/GIN_MUTAG_42.pth
c,Graph2Vec,MUTAG,43,0.0,0.0,False,0.9980641007423401,0.8157894736842105,0.8157894736842105,0.0,188,150,1769552915.6991992,addition_only,
c,NetLSD,MUTAG,43,0.0,0.0,False,1.0,0.8157894736842105,0.8157894736842105,0.0,188,150,1769552918.0867212,addition_only,
c,GIN,MUTAG,43,0.0,0.0,False,1.0,0.8421052631578947,0.8421052631578947,0.0,188,150,1769552918.548924,addition_only,/content/drive/MyDrive/InformationSystems/Classification/models/GIN_MUTAG_43.pth
c,GIN,MUTAG,43,0.0,0.0,True,0.34228524565696716,0.8421052631578947,0.8421052631578947,0.0,188,150,1769552919.089099,addition_only,/content/drive/MyDrive/InformationSystems/Classification/models/GIN_MUTAG_43.pth
c,Graph2Vec,MUTAG,43,0.0,0.05,False,0.649238109588623,0.8157894736842105,0.6578947368421053,0.1578947368421052,188,150,1769552921.5122123,addition_only,
c,NetLSD,MUTAG,43,0.0,0.05,False,0.9999936819076538,0.8157894736842105,0.8157894736842105,0.0,188,150,1769552922.9314878,addition_only,
c,GIN,MUTAG,43,0.0,0.05,False,0.9264261722564697,0.8421052631578947,0.8421052631578947,0.0,188,150,1769552923.2105412,addition_only,/content/drive/MyDrive/InformationSystems/Classification/models/GIN_MUTAG_43.pth
c,GIN,MUTAG,43,0.0,0.05,True,0.36820459365844727,0.8421052631578947,0.8421052631578947,0.0,188,150,1769552923.5700712,addition_only,/content/drive/MyDrive/InformationSystems/Classification/models/GIN_MUTAG_43.pth
c,Graph2Vec,MUTAG,43,0.0,0.1,False,0.6554120779037476,0.8157894736842105,0.6578947368421053,0.1578947368421052,188,150,1769552926.0353482,addition_only,
c,NetLSD,MUTAG,43,0.0,0.1,False,0.9999682903289795,0.8157894736842105,0.7894736842105263,0.02631578947368418,188,150,1769552927.8162904,addition_only,
c,GIN,MUTAG,43,0.0,0.1,False,0.7329356670379639,0.8421052631578947,0.7631578947368421,0.07894736842105254,188,150,1769552928.115998,addition_only,/content/drive/MyDrive/InformationSystems/Classification/models/GIN_MUTAG_43.pth
c,GIN,MUTAG,43,0.0,0.1,True,0.3850247859954834,0.8421052631578947,0.8157894736842105,0.02631578947368418,188,150,1769552928.4770818,addition_only,/content/drive/MyDrive/InformationSystems/Classification/models/GIN_MUTAG_43.pth
c,Graph2Vec,MUTAG,43,0.0,0.2,False,0.7074874639511108,0.7894736842105263,0.6578947368421053,0.13157894736842102,188,150,1769552932.0519145,addition_only,
c,NetLSD,MUTAG,43,0.0,0.2,False,0.9998961091041565,0.8157894736842105,0.7631578947368421,0.05263157894736836,188,150,1769552933.7630107,addition_only,
c,GIN,MUTAG,43,0.0,0.2,False,0.5407944321632385,0.8421052631578947,0.7631578947368421,0.07894736842105254,188,150,1769552934.045947,addition_only,/content/drive/MyDrive/InformationSystems/Classification/models/GIN_MUTAG_43.pth
c,GIN,MUTAG,43,0.0,0.2,True,0.36419686675071716,0.8421052631578947,0.7631578947368421,0.07894736842105254,188,150,1769552934.4135208,addition_only,/content/drive/MyDrive/InformationSystems/Classification/models/GIN_MUTAG_43.pth
c,Graph2Vec,MUTAG,44,0.0,0.0,False,0.9981134533882141,0.7894736842105263,0.7894736842105263,0.0,188,150,1769552936.7903476,addition_only,
c,NetLSD,MUTAG,44,0.0,0.0,False,1.0,0.868421052631579,0.868421052631579,0.0,188,150,1769552938.1664066,addition_only,
c,GIN,MUTAG,44,0.0,0.0,False,1.0,0.8947368421052632,0.8947368421052632,0.0,188,150,1769552938.4243715,addition_only,/content/drive/MyDrive/InformationSystems/Classification/models/GIN_MUTAG_44.pth
c,GIN,MUTAG,44,0.0,0.0,True,0.3610568642616272,0.8947368421052632,0.5263157894736842,0.368421052631579,188,150,1769552938.7776127,addition_only,/content/drive/MyDrive/InformationSystems/Classification/models/GIN_MUTAG_44.pth
c,Graph2Vec,MUTAG,44,0.0,0.05,False,0.6603149771690369,0.7894736842105263,0.6578947368421053,0.13157894736842102,188,150,1769552941.1825929,addition_only,
c,NetLSD,MUTAG,44,0.0,0.05,False,0.9999932050704956,0.868421052631579,0.868421052631579,0.0,188,150,1769552942.605891,addition_only,
c,GIN,MUTAG,44,0.0,0.05,False,0.9648463726043701,0.8947368421052632,0.8947368421052632,0.0,188,150,1769552942.973929,addition_only,/content/drive/MyDrive/InformationSystems/Classification/models/GIN_MUTAG_44.pth
c,GIN,MUTAG,44,0.0,0.05,True,0.4416559934616089,0.8947368421052632,0.6052631578947368,0.2894736842105263,188,150,1769552943.538228,addition_only,/content/drive/MyDrive/InformationSystems/Classification/models/GIN_MUTAG_44.pth
c,Graph2Vec,MUTAG,44,0.0,0.1,False,0.6398216485977173,0.7631578947368421,0.6578947368421053,0.10526315789473684,188,150,1769552947.1185277,addition_only,
c,NetLSD,MUTAG,44,0.0,0.1,False,0.9999710917472839,0.868421052631579,0.8421052631578947,0.026315789473684292,188,150,1769552948.51107,addition_only,
c,GIN,MUTAG,44,0.0,0.1,False,0.8050299882888794,0.8947368421052632,0.7631578947368421,0.13157894736842102,188,150,1769552948.7784817,addition_only,/content/drive/MyDrive/InformationSystems/Classification/models/GIN_MUTAG_44.pth
c,GIN,MUTAG,44,0.0,0.1,True,0.47211119532585144,0.8947368421052632,0.6578947368421053,0.23684210526315785,188,150,1769552949.1411936,addition_only,/content/drive/MyDrive/InformationSystems/Classification/models/GIN_MUTAG_44.pth
c,Graph2Vec,MUTAG,44,0.0,0.2,False,0.7027442455291748,0.7894736842105263,0.6578947368421053,0.13157894736842102,188,150,1769552951.4858594,addition_only,
c,NetLSD,MUTAG,44,0.0,0.2,False,0.9999016523361206,0.868421052631579,0.868421052631579,0.0,188,150,1769552953.462874,addition_only,
c,GIN,MUTAG,44,0.0,0.2,False,0.5980494618415833,0.8947368421052632,0.8157894736842105,0.07894736842105265,188,150,1769552953.7399728,addition_only,/content/drive/MyDrive/InformationSystems/Classification/models/GIN_MUTAG_44.pth
c,GIN,MUTAG,44,0.0,0.2,True,0.5177428722381592,0.8947368421052632,0.7105263157894737,0.1842105263157895,188,150,1769552954.1008458,addition_only,/content/drive/MyDrive/InformationSystems/Classification/models/GIN_MUTAG_44.pth
c,Graph2Vec,ENZYMES,42,0.0,0.0,False,0.9233317971229553,0.325,0.3416666666666667,-0.016666666666666663,599,479,1769552972.923822,addition_only,
c,NetLSD,ENZYMES,42,0.0,0.0,False,1.0,0.2833333333333333,0.2833333333333333,0.0,599,479,1769552979.0733871,addition_only,
c,GIN,ENZYMES,42,0.0,0.0,False,1.0,0.4583333333333333,0.4583333333333333,0.0,600,480,1769552979.9655633,addition_only,/content/drive/MyDrive/InformationSystems/Classification/models/GIN_ENZYMES_42.pth
c,GIN,ENZYMES,42,0.0,0.0,True,0.42810821533203125,0.4583333333333333,0.19166666666666668,0.2666666666666666,600,480,1769552981.1403148,addition_only,/content/drive/MyDrive/InformationSystems/Classification/models/GIN_ENZYMES_42.pth
c,Graph2Vec,ENZYMES,42,0.0,0.05,False,0.517063319683075,0.35,0.25833333333333336,0.09166666666666662,599,479,1769553000.3560266,addition_only,
c,NetLSD,ENZYMES,42,0.0,0.05,False,0.9999781847000122,0.2833333333333333,0.26666666666666666,0.016666666666666663,599,479,1769553006.99329,addition_only,
c,GIN,ENZYMES,42,0.0,0.05,False,0.9373321533203125,0.4583333333333333,0.4166666666666667,0.04166666666666663,600,480,1769553007.9611685,addition_only,/content/drive/MyDrive/InformationSystems/Classification/models/GIN_ENZYMES_42.pth
c,GIN,ENZYMES,42,0.0,0.05,True,0.42017605900764465,0.4583333333333333,0.175,0.2833333333333333,600,480,1769553009.1295,addition_only,/content/drive/MyDrive/InformationSystems/Classification/models/GIN_ENZYMES_42.pth
c,Graph2Vec,ENZYMES,42,0.0,0.1,False,0.4672684967517853,0.3416666666666667,0.2,0.14166666666666666,599,479,1769553028.2616198,addition_only,
c,NetLSD,ENZYMES,42,0.0,0.1,False,0.9999286532402039,0.2833333333333333,0.25,0.033333333333333326,599,479,1769553034.3179998,addition_only,
c,GIN,ENZYMES,42,0.0,0.1,False,0.8305184245109558,0.4583333333333333,0.2916666666666667,0.16666666666666663,600,480,1769553035.3039646,addition_only,/content/drive/MyDrive/InformationSystems/Classification/models/GIN_ENZYMES_42.pth
c,GIN,ENZYMES,42,0.0,0.1,True,0.39493852853775024,0.4583333333333333,0.2,0.2583333333333333,600,480,1769553036.4819643,addition_only,/content/drive/MyDrive/InformationSystems/Classification/models/GIN_ENZYMES_42.pth
c,Graph2Vec,ENZYMES,42,0.0,0.2,False,0.42903777956962585,0.325,0.2,0.125,599,479,1769553056.1639106,addition_only,
c,NetLSD,ENZYMES,42,0.0,0.2,False,0.9998180270195007,0.2833333333333333,0.25,0.033333333333333326,599,479,1769553062.343122,addition_only,
c,GIN,ENZYMES,42,0.0,0.2,False,0.5934805274009705,0.4583333333333333,0.225,0.2333333333333333,600,480,1769553063.6875174,addition_only,/content/drive/MyDrive/InformationSystems/Classification/models/GIN_ENZYMES_42.pth
c,GIN,ENZYMES,42,0.0,0.2,True,0.3221399486064911,0.4583333333333333,0.16666666666666666,0.29166666666666663,600,480,1769553065.2027118,addition_only,/content/drive/MyDrive/InformationSystems/Classification/models/GIN_ENZYMES_42.pth
c,Graph2Vec,ENZYMES,43,0.0,0.0,False,0.9381201267242432,0.4166666666666667,0.38333333333333336,0.033333333333333326,599,479,1769553084.260205,addition_only,
c,NetLSD,ENZYMES,43,0.0,0.0,False,1.0,0.2916666666666667,0.2916666666666667,0.0,599,479,1769553090.0061145,addition_only,
c,GIN,ENZYMES,43,0.0,0.0,False,1.0,0.3416666666666667,0.3416666666666667,0.0,600,480,1769553090.924524,addition_only,/content/drive/MyDrive/InformationSystems/Classification/models/GIN_ENZYMES_43.pth
c,GIN,ENZYMES,43,0.0,0.0,True,0.5688959956169128,0.3416666666666667,0.25,0.09166666666666667,600,480,1769553092.10136,addition_only,/content/drive/MyDrive/InformationSystems/Classification/models/GIN_ENZYMES_43.pth
c,Graph2Vec,ENZYMES,43,0.0,0.05,False,0.5281103253364563,0.4,0.19166666666666668,0.20833333333333334,599,479,1769553112.1090655,addition_only,
c,NetLSD,ENZYMES,43,0.0,0.05,False,0.9999775886535645,0.2916666666666667,0.25833333333333336,0.033333333333333326,599,479,1769553118.1122668,addition_only,
c,GIN,ENZYMES,43,0.0,0.05,False,0.9422562718391418,0.3416666666666667,0.30833333333333335,0.033333333333333326,600,480,1769553119.1089716,addition_only,/content/drive/MyDrive/InformationSystems/Classification/models/GIN_ENZYMES_43.pth
c,GIN,ENZYMES,43,0.0,0.05,True,0.5422644019126892,0.3416666666666667,0.21666666666666667,0.125,600,480,1769553120.3071938,addition_only,/content/drive/MyDrive/InformationSystems/Classification/models/GIN_ENZYMES_43.pth
c,Graph2Vec,ENZYMES,43,0.0,0.1,False,0.4679451286792755,0.4083333333333333,0.2,0.20833333333333331,599,479,1769553140.0089865,addition_only,
c,NetLSD,ENZYMES,43,0.0,0.1,False,0.9999280571937561,0.2916666666666667,0.25833333333333336,0.033333333333333326,599,479,1769553145.8678017,addition_only,
c,GIN,ENZYMES,43,0.0,0.1,False,0.8227776288986206,0.3416666666666667,0.2833333333333333,0.05833333333333335,600,480,1769553146.8879218,addition_only,/content/drive/MyDrive/InformationSystems/Classification/models/GIN_ENZYMES_43.pth
c,GIN,ENZYMES,43,0.0,0.1,True,0.4931480884552002,0.3416666666666667,0.18333333333333332,0.15833333333333335,600,480,1769553148.1175172,addition_only,/content/drive/MyDrive/InformationSystems/Classification/models/GIN_ENZYMES_43.pth
c,Graph2Vec,ENZYMES,43,0.0,0.2,False,0.44134390354156494,0.4,0.2,0.2,599,479,1769553167.8508077,addition_only,
c,NetLSD,ENZYMES,43,0.0,0.2,False,0.9998200535774231,0.2916666666666667,0.25,0.041666666666666685,599,479,1769553174.0523996,addition_only,
c,GIN,ENZYMES,43,0.0,0.2,False,0.5667983889579773,0.3416666666666667,0.20833333333333334,0.13333333333333333,600,480,1769553175.3630996,addition_only,/content/drive/MyDrive/InformationSystems/Classification/models/GIN_ENZYMES_43.pth
c,GIN,ENZYMES,43,0.0,0.2,True,0.37507954239845276,0.3416666666666667,0.18333333333333332,0.15833333333333335,600,480,1769553176.9420762,addition_only,/content/drive/MyDrive/InformationSystems/Classification/models/GIN_ENZYMES_43.pth
c,Graph2Vec,ENZYMES,44,0.0,0.0,False,0.9422939419746399,0.4,0.39166666666666666,0.00833333333333336,599,479,1769553195.8285627,addition_only,
c,NetLSD,ENZYMES,44,0.0,0.0,False,1.0,0.2833333333333333,0.2833333333333333,0.0,599,479,1769553202.0669258,addition_only,
c,GIN,ENZYMES,44,0.0,0.0,False,1.0,0.44166666666666665,0.44166666666666665,0.0,600,480,1769553203.1700766,addition_only,/content/drive/MyDrive/InformationSystems/Classification/models/GIN_ENZYMES_44.pth
c,GIN,ENZYMES,44,0.0,0.0,True,0.45112723112106323,0.44166666666666665,0.26666666666666666,0.175,600,480,1769553204.4946964,addition_only,/content/drive/MyDrive/InformationSystems/Classification/models/GIN_ENZYMES_44.pth
c,Graph2Vec,ENZYMES,44,0.0,0.05,False,0.5336770415306091,0.4083333333333333,0.15833333333333333,0.25,599,479,1769553223.5777192,addition_only,
c,NetLSD,ENZYMES,44,0.0,0.05,False,0.9999766945838928,0.2833333333333333,0.30833333333333335,-0.025000000000000022,599,479,1769553229.721587,addition_only,
c,GIN,ENZYMES,44,0.0,0.05,False,0.9134213328361511,0.44166666666666665,0.425,0.016666666666666663,600,480,1769553230.8135371,addition_only,/content/drive/MyDrive/InformationSystems/Classification/models/GIN_ENZYMES_44.pth
c,GIN,ENZYMES,44,0.0,0.05,True,0.4229713976383209,0.44166666666666665,0.25,0.19166666666666665,600,480,1769553232.129419,addition_only,/content/drive/MyDrive/InformationSystems/Classification/models/GIN_ENZYMES_44.pth
c,Graph2Vec,ENZYMES,44,0.0,0.1,False,0.4624103009700775,0.425,0.20833333333333334,0.21666666666666665,599,479,1769553251.684389,addition_only,
c,NetLSD,ENZYMES,44,0.0,0.1,False,0.9999270439147949,0.2833333333333333,0.30833333333333335,-0.025000000000000022,599,479,1769553257.2754269,addition_only,
c,GIN,ENZYMES,44,0.0,0.1,False,0.7549981474876404,0.44166666666666665,0.35,0.09166666666666667,600,480,1769553258.395165,addition_only,/content/drive/MyDrive/InformationSystems/Classification/models/GIN_ENZYMES_44.pth
c,GIN,ENZYMES,44,0.0,0.1,True,0.376056969165802,0.44166666666666665,0.2833333333333333,0.15833333333333333,600,480,1769553259.803624,addition_only,/content/drive/MyDrive/InformationSystems/Classification/models/GIN_ENZYMES_44.pth
c,Graph2Vec,ENZYMES,44,0.0,0.2,False,0.4288822114467621,0.4083333333333333,0.2,0.20833333333333331,599,479,1769553281.2583148,addition_only,
c,NetLSD,ENZYMES,44,0.0,0.2,False,0.9998131394386292,0.2833333333333333,0.26666666666666666,0.016666666666666663,599,479,1769553286.770015,addition_only,
c,GIN,ENZYMES,44,0.0,0.2,False,0.4610385596752167,0.44166666666666665,0.2916666666666667,0.14999999999999997,600,480,1769553288.238063,addition_only,/content/drive/MyDrive/InformationSystems/Classification/models/GIN_ENZYMES_44.pth
c,GIN,ENZYMES,44,0.0,0.2,True,0.2642463743686676,0.44166666666666665,0.225,0.21666666666666665,600,480,1769553289.9399526,addition_only,/content/drive/MyDrive/InformationSystems/Classification/models/GIN_ENZYMES_44.pth
c,Graph2Vec,IMDB-MULTI,42,0.0,0.0,False,0.9409244656562805,0.48333333333333334,0.48333333333333334,0.0,1500,1200,1769553325.6975038,addition_only,
c,NetLSD,IMDB-MULTI,42,0.0,0.0,False,1.0,0.47333333333333333,0.47333333333333333,0.0,1500,1200,1769553339.89955,addition_only,
c,GIN,IMDB-MULTI,42,0.0,0.0,False,1.0,0.5,0.5,0.0,1500,1200,1769553342.181861,addition_only,/content/drive/MyDrive/InformationSystems/Classification/models/GIN_IMDB-MULTI_42.pth
c,GIN,IMDB-MULTI,42,0.0,0.0,True,0.8573022484779358,0.5,0.5066666666666667,-0.00666666666666671,1500,1200,1769553345.106551,addition_only,/content/drive/MyDrive/InformationSystems/Classification/models/GIN_IMDB-MULTI_42.pth
c,Graph2Vec,IMDB-MULTI,42,0.0,0.05,False,0.7179405689239502,0.4766666666666667,0.45,0.026666666666666672,1500,1200,1769553379.5448303,addition_only,
c,NetLSD,IMDB-MULTI,42,0.0,0.05,False,0.9999984502792358,0.47333333333333333,0.47,0.003333333333333355,1500,1200,1769553393.6435916,addition_only,
c,GIN,IMDB-MULTI,42,0.0,0.05,False,0.9937862753868103,0.5,0.5033333333333333,-0.0033333333333332993,1500,1200,1769553677.2137864,addition_only,/content/drive/MyDrive/InformationSystems/Classification/models/GIN_IMDB-MULTI_42.pth
c,GIN,IMDB-MULTI,42,0.0,0.05,True,0.8573517203330994,0.5,0.5066666666666667,-0.00666666666666671,1500,1200,1769553963.113467,addition_only,/content/drive/MyDrive/InformationSystems/Classification/models/GIN_IMDB-MULTI_42.pth
c,Graph2Vec,IMDB-MULTI,42,0.0,0.1,False,0.5479959845542908,0.48,0.36,0.12,1500,1200,1769553996.9231148,addition_only,
c,NetLSD,IMDB-MULTI,42,0.0,0.1,False,0.9999942779541016,0.47333333333333333,0.4533333333333333,0.020000000000000018,1500,1200,1769554010.6441112,addition_only,
c,GIN,IMDB-MULTI,42,0.0,0.1,False,0.9783875346183777,0.5,0.49333333333333335,0.006666666666666654,1500,1200,1769554290.0251946,addition_only,/content/drive/MyDrive/InformationSystems/Classification/models/GIN_IMDB-MULTI_42.pth
c,GIN,IMDB-MULTI,42,0.0,0.1,True,0.8566514253616333,0.5,0.51,-0.010000000000000009,1500,1200,1769554568.5491467,addition_only,/content/drive/MyDrive/InformationSystems/Classification/models/GIN_IMDB-MULTI_42.pth
c,Graph2Vec,IMDB-MULTI,42,0.0,0.2,False,0.4758058786392212,0.47,0.42,0.04999999999999999,1500,1200,1769554600.8183813,addition_only,
c,NetLSD,IMDB-MULTI,42,0.0,0.2,False,0.9999834895133972,0.47333333333333333,0.43333333333333335,0.03999999999999998,1500,1200,1769554613.9943671,addition_only,
c,GIN,IMDB-MULTI,42,0.0,0.2,False,0.942912757396698,0.5,0.5166666666666667,-0.01666666666666672,1500,1200,1769554896.9085643,addition_only,/content/drive/MyDrive/InformationSystems/Classification/models/GIN_IMDB-MULTI_42.pth
c,GIN,IMDB-MULTI,42,0.0,0.2,True,0.8551928997039795,0.5,0.5133333333333333,-0.013333333333333308,1500,1200,1769555179.0111778,addition_only,/content/drive/MyDrive/InformationSystems/Classification/models/GIN_IMDB-MULTI_42.pth
c,Graph2Vec,IMDB-MULTI,43,0.0,0.0,False,0.9388337135314941,0.5066666666666667,0.5166666666666667,-0.010000000000000009,1500,1200,1769555211.712282,addition_only,
c,NetLSD,IMDB-MULTI,43,0.0,0.0,False,1.0,0.49,0.49,0.0,1500,1200,1769555225.3442144,addition_only,
c,GIN,IMDB-MULTI,43,0.0,0.0,False,1.0,0.5066666666666667,0.5066666666666667,0.0,1500,1200,1769555228.46627,addition_only,/content/drive/MyDrive/InformationSystems/Classification/models/GIN_IMDB-MULTI_43.pth
c,GIN,IMDB-MULTI,43,0.0,0.0,True,0.8971702456474304,0.5066666666666667,0.4633333333333333,0.04333333333333339,1500,1200,1769555232.123887,addition_only,/content/drive/MyDrive/InformationSystems/Classification/models/GIN_IMDB-MULTI_43.pth
c,Graph2Vec,IMDB-MULTI,43,0.0,0.05,False,0.7508753538131714,0.5033333333333333,0.49666666666666665,0.006666666666666654,1500,1200,1769555263.8929088,addition_only,
c,NetLSD,IMDB-MULTI,43,0.0,0.05,False,0.9999984502792358,0.49,0.5,-0.010000000000000009,1500,1200,1769555277.4453652,addition_only,
c,GIN,IMDB-MULTI,43,0.0,0.05,False,0.9976824522018433,0.5066666666666667,0.5,0.00666666666666671,1500,1200,1769555553.2911718,addition_only,/content/drive/MyDrive/InformationSystems/Classification/models/GIN_IMDB-MULTI_43.pth
c,GIN,IMDB-MULTI,43,0.0,0.05,True,0.894343912601471,0.5066666666666667,0.4666666666666667,0.040000000000000036,1500,1200,1769555831.1048799,addition_only,/content/drive/MyDrive/InformationSystems/Classification/models/GIN_IMDB-MULTI_43.pth
c,Graph2Vec,IMDB-MULTI,43,0.0,0.1,False,0.5629450678825378,0.5066666666666667,0.38666666666666666,0.12000000000000005,1500,1200,1769555862.845387,addition_only,
c,NetLSD,IMDB-MULTI,43,0.0,0.1,False,0.9999942779541016,0.49,0.51,-0.020000000000000018,1500,1200,1769555877.0244894,addition_only,
c,GIN,IMDB-MULTI,43,0.0,0.1,False,0.9907645583152771,0.5066666666666667,0.5033333333333333,0.0033333333333334103,1500,1200,1769556155.1170616,addition_only,/content/drive/MyDrive/InformationSystems/Classification/models/GIN_IMDB-MULTI_43.pth
c,GIN,IMDB-MULTI,43,0.0,0.1,True,0.8894104957580566,0.5066666666666667,0.4633333333333333,0.04333333333333339,1500,1200,1769556440.51845,addition_only,/content/drive/MyDrive/InformationSystems/Classification/models/GIN_IMDB-MULTI_43.pth
c,Graph2Vec,IMDB-MULTI,43,0.0,0.2,False,0.48029080033302307,0.51,0.4666666666666667,0.043333333333333335,1500,1200,1769556472.3342953,addition_only,
c,NetLSD,IMDB-MULTI,43,0.0,0.2,False,0.9999839663505554,0.49,0.47333333333333333,0.016666666666666663,1500,1200,1769556486.4440808,addition_only,
c,GIN,IMDB-MULTI,43,0.0,0.2,False,0.9699241518974304,0.5066666666666667,0.4866666666666667,0.020000000000000018,1500,1200,1769556775.5233662,addition_only,/content/drive/MyDrive/InformationSystems/Classification/models/GIN_IMDB-MULTI_43.pth
c,GIN,IMDB-MULTI,43,0.0,0.2,True,0.8775851130485535,0.5066666666666667,0.45666666666666667,0.050000000000000044,1500,1200,1769557058.9756677,addition_only,/content/drive/MyDrive/InformationSystems/Classification/models/GIN_IMDB-MULTI_43.pth
c,Graph2Vec,IMDB-MULTI,44,0.0,0.0,False,0.9457869529724121,0.51,0.5133333333333333,-0.0033333333333332993,1500,1200,1769557091.813395,addition_only,
c,NetLSD,IMDB-MULTI,44,0.0,0.0,False,1.0,0.47,0.47,0.0,1500,1200,1769557105.1087415,addition_only,
c,GIN,IMDB-MULTI,44,0.0,0.0,False,1.0,0.36333333333333334,0.36333333333333334,0.0,1500,1200,1769557108.075554,addition_only,/content/drive/MyDrive/InformationSystems/Classification/models/GIN_IMDB-MULTI_44.pth
c,GIN,IMDB-MULTI,44,0.0,0.0,True,0.8082618117332458,0.36333333333333334,0.37333333333333335,-0.010000000000000009,1500,1200,1769557112.0079825,addition_only,/content/drive/MyDrive/InformationSystems/Classification/models/GIN_IMDB-MULTI_44.pth
c,Graph2Vec,IMDB-MULTI,44,0.0,0.05,False,0.7528110146522522,0.5033333333333333,0.51,-0.00666666666666671,1500,1200,1769557144.08562,addition_only,
c,NetLSD,IMDB-MULTI,44,0.0,0.05,False,0.9999983906745911,0.47,0.48333333333333334,-0.013333333333333364,1500,1200,1769557157.6513603,addition_only,
c,GIN,IMDB-MULTI,44,0.0,0.05,False,0.9961762428283691,0.36333333333333334,0.37,-0.006666666666666654,1500,1200,1769557432.6429765,addition_only,/content/drive/MyDrive/InformationSystems/Classification/models/GIN_IMDB-MULTI_44.pth
c,GIN,IMDB-MULTI,44,0.0,0.05,True,0.8064611554145813,0.36333333333333334,0.37333333333333335,-0.010000000000000009,1500,1200,1769557712.5738482,addition_only,/content/drive/MyDrive/InformationSystems/Classification/models/GIN_IMDB-MULTI_44.pth
c,Graph2Vec,IMDB-MULTI,44,0.0,0.1,False,0.565570592880249,0.5066666666666667,0.43666666666666665,0.07000000000000006,1500,1200,1769557744.5709326,addition_only,
c,NetLSD,IMDB-MULTI,44,0.0,0.1,False,0.9999942779541016,0.47,0.49333333333333335,-0.023333333333333373,1500,1200,1769557758.2857912,addition_only,
c,GIN,IMDB-MULTI,44,0.0,0.1,False,0.9808679819107056,0.36333333333333334,0.37,-0.006666666666666654,1500,1200,1769558036.9578245,addition_only,/content/drive/MyDrive/InformationSystems/Classification/models/GIN_IMDB-MULTI_44.pth
c,GIN,IMDB-MULTI,44,0.0,0.1,True,0.8035556674003601,0.36333333333333334,0.36666666666666664,-0.0033333333333332993,1500,1200,1769558316.6084816,addition_only,/content/drive/MyDrive/InformationSystems/Classification/models/GIN_IMDB-MULTI_44.pth
c,Graph2Vec,IMDB-MULTI,44,0.0,0.2,False,0.496331125497818,0.48333333333333334,0.46,0.023333333333333317,1500,1200,1769558348.0335033,addition_only,
c,NetLSD,IMDB-MULTI,44,0.0,0.2,False,0.999983549118042,0.47,0.47333333333333333,-0.003333333333333355,1500,1200,1769558361.107053,addition_only,
c,GIN,IMDB-MULTI,44,0.0,0.2,False,0.9362426996231079,0.36333333333333334,0.37666666666666665,-0.013333333333333308,1500,1200,1769558646.2545521,addition_only,/content/drive/MyDrive/InformationSystems/Classification/models/GIN_IMDB-MULTI_44.pth
c,GIN,IMDB-MULTI,44,0.0,0.2,True,0.7971095442771912,0.36333333333333334,0.37,-0.006666666666666654,1500,1200,1769558934.0476117,addition_only,/content/drive/MyDrive/InformationSystems/Classification/models/GIN_IMDB-MULTI_44.pth
